{"cameraMode":{"drawMode":0,"name":"Shaded","section":"Shading Mode"},"sceneLighting":true,"audioPlay":false,"sceneViewState":{"m_AlwaysRefresh":false,"showFog":true,"showSkybox":true,"showFlares":true,"showImageEffects":true,"showParticleSystems":true,"showVisualEffectGraphs":true,"m_FxEnabled":true},"in2DMode":false,"pivot":{"x":-0.2312866896390915,"y":0.13424858450889588,"z":0.7613303661346436},"rotation":{"x":0.2100646197795868,"y":-0.21406453847885133,"z":0.04719514027237892,"w":0.9527971148490906},"size":18.615041732788087,"orthographic":false}