{"cameraMode":{"drawMode":0,"name":"Shaded","section":"Shading Mode"},"sceneLighting":true,"audioPlay":false,"sceneViewState":{"m_AlwaysRefresh":false,"showFog":true,"showSkybox":true,"showFlares":true,"showImageEffects":true,"showParticleSystems":true,"showVisualEffectGraphs":true,"m_FxEnabled":true},"in2DMode":false,"pivot":{"x":460.5545959472656,"y":324.15155029296877,"z":-2.1132147312164308},"rotation":{"x":0.02399701066315174,"y":0.00799754448235035,"z":-0.00019186091958545148,"w":0.9996818900108337},"size":401.2320556640625,"orthographic":true}