{"cameraMode":{"drawMode":0,"name":"Shaded","section":"Shading Mode"},"sceneLighting":true,"audioPlay":false,"sceneViewState":{"m_AlwaysRefresh":false,"showFog":true,"showSkybox":true,"showFlares":true,"showImageEffects":true,"showParticleSystems":true,"showVisualEffectGraphs":true,"m_FxEnabled":true},"in2DMode":false,"pivot":{"x":1.6541870832443238,"y":-2.0116987228393556,"z":0.5532569289207459},"rotation":{"x":0.2100646197795868,"y":-0.21406453847885133,"z":0.04719514027237892,"w":0.9527971148490906},"size":16.88327407836914,"orthographic":false}